id_pto_cdp,id_pto,fecha,id_manu,objeto
1,2,2025-01-03 00:00:00,1,PRESTAR SERVICIOS COMO AUXILIAR DE ENFERMERIA PARA EL DESARROLLO DE ACTIVIDADES EN EL AREA DE URGENCIA INTERNACIÓN Y SALA DE PARTOS DEL HOSPITAL DE AGUAZUL JUAN HERNANDO URREGO E.S.E.
2,2,2025-01-03 00:00:00,2,PRESTAR SERVICIOS COMO AUXILIAR DE ENFERMERIA PARA EL DESARROLLO DE ACTIVIDADES EN EL AREA DE URGENCIA INTERNACIÓN Y SALA DE PARTOS DEL HOSPITAL DE AGUAZUL JUAN HERNANDO URREGO E.S.E.
3,2,2025-01-03 00:00:00,3,PRESTAR SERVICIOS COMO AUXILIAR DE ENFERMERIA PARA EL DESARROLLO DE ACTIVIDADES EN EL AREA DE URGENCIA INTERNACIÓN Y SALA DE PARTOS DEL HOSPITAL DE AGUAZUL JUAN HERNANDO URREGO E.S.E.
4,2,2025-01-03 00:00:00,4,PRESTAR SERVICIOS COMO AUXILIAR DE ENFERMERIA PARA EL DESARROLLO DE ACTIVIDADES EN EL AREA DE URGENCIA INTERNACIÓN Y SALA DE PARTOS DEL HOSPITAL DE AGUAZUL JUAN HERNANDO URREGO E.S.E.
5,2,2025-01-03 00:00:00,5,PRESTAR SERVICIOS COMO AUXILIAR DE ENFERMERIA PARA EL DESARROLLO DE ACTIVIDADES EN EL AREA DE URGENCIA INTERNACIÓN Y SALA DE PARTOS DEL HOSPITAL DE AGUAZUL JUAN HERNANDO URREGO E.S.E.
6,2,2025-01-03 00:00:00,6,PRESTAR SERVICIOS COMO AUXILIAR DE ENFERMERIA PARA EL DESARROLLO DE ACTIVIDADES EN EL AREA DE URGENCIA INTERNACIÓN Y SALA DE PARTOS DEL HOSPITAL DE AGUAZUL JUAN HERNANDO URREGO E.S.E.
7,2,2025-01-03 00:00:00,7,PRESTAR SERVICIOS COMO AUXILIAR DE ENFERMERIA PARA EL DESARROLLO DE ACTIVIDADES EN EL AREA DE URGENCIA INTERNACIÓN Y SALA DE PARTOS DEL HOSPITAL DE AGUAZUL JUAN HERNANDO URREGO E.S.E.
8,2,2025-01-03 00:00:00,8,PRESTAR SERVICIOS COMO AUXILIAR DE ENFERMERIA PARA EL DESARROLLO DE ACTIVIDADES EN EL AREA DE URGENCIA INTERNACIÓN Y SALA DE PARTOS DEL HOSPITAL DE AGUAZUL JUAN HERNANDO URREGO E.S.E.
9,2,2025-01-03 00:00:00,9,PRESTAR SERVICIOS COMO AUXILIAR DE ENFERMERIA PARA EL DESARROLLO DE ACTIVIDADES EN EL AREA DE URGENCIA INTERNACIÓN Y SALA DE PARTOS DEL HOSPITAL DE AGUAZUL JUAN HERNANDO URREGO E.S.E.
10,2,2025-01-03 00:00:00,10,PRESTAR SERVICIOS COMO AUXILIAR DE ENFERMERIA PARA EL DESARROLLO DE ACTIVIDADES EN EL AREA DE URGENCIA INTERNACIÓN Y SALA DE PARTOS DEL HOSPITAL DE AGUAZUL JUAN HERNANDO URREGO E.S.E.
11,2,2025-01-03 00:00:00,11,PRESTAR SERVICIOS COMO AUXILIAR DE ENFERMERIA PARA LA ATENCION DE USUARIOS  EN EL SERVICIO DE VACUNACION DEL HOSPITAL DE AGUAZUL JUAN HERNANDO URREGO E.S.E.
12,2,2025-01-03 00:00:00,12,PRESTAR SERVICIOS COMO AUXILIAR DE ENFERMERIA PARA LA ATENCION DE USUARIOS  EN EL SERVICIO DE VACUNACION DEL HOSPITAL DE AGUAZUL JUAN HERNANDO URREGO E.S.E.
13,2,2025-01-03 00:00:00,13,OFRECER SERVICIOS PROFESIONALES PARA GARANTIZAR EL FORTALECIMIENTO Y ACTUALIZACIÓN DE LOS PROCESOS DE GESTIÓN DEL TALENTO HUMANO? ASÍ COMO DE LAS POLÍTICAS DE LOS PROGRAMAS QUE INTEGRAN LA OFICINA ADMINISTRATIVA Y FINANCIERA DEL HOSPITAL JUAN HERNANDO URREGO DE AGUAZUL E.S.E.
14,2,2025-01-03 00:00:00,14,BRINDAR SERVICIOS DE APOYO EN EL PROCESO DE GESTIÓN DEL TALENTO HUMANO DE LA OFICINA ADMINISTRATIVA Y FINANCIERA DEL HOSPITAL JUAN HERNANDO URREGO DE AGUAZUL
15,2,2025-01-03 00:00:00,15,PRESTAR SERVICIOS PROFESIONALES EN MATERIA JURÍDICA PARA EL FORTALECIMIENTO DE LA GESTIÓN CONTRACTUAL A CARGO DE LA OFICINA ASESORA JURÍDICA QUE SE ADELANTA EN CUMPLIMIENTO DE LOS FINES MISIONALES DEL HOSPITAL DE AGUAZUL JUAN HERNANDO URREGO E.S.E
16,2,2025-01-03 00:00:00,16,PRESTAR SERVICIOS PROFESIONALES EN MATERIA JURÍDICA PARA EL FORTALECIMIENTO DE LA GESTIÓN CONTRACTUAL A CARGO DE LA OFICINA ASESORA JURÍDICA QUE SE ADELANTA EN CUMPLIMIENTO DE LOS FINES MISIONALES DEL HOSPITAL DE AGUAZUL JUAN HERNANDO URREGO E.S.E
17,2,2025-01-03 00:00:00,17,PRESTAR SERVICIOS PROFESIONALES EN MATERIA JURÍDICA PARA EL FORTALECIMIENTO DE LA GESTIÓN CONTRACTUAL A CARGO DE LA OFICINA ASESORA JURÍDICA QUE SE ADELANTA EN CUMPLIMIENTO DE LOS FINES MISIONALES DEL HOSPITAL DE AGUAZUL JUAN HERNANDO URREGO E.S.E
18,2,2025-01-03 00:00:00,18,PRESTAR SERVICIOS PROFESIONALES EN MATERIA JURÍDICA PARA EL FORTALECIMIENTO DE LA GESTIÓN CONTRACTUAL A CARGO DE LA OFICINA ASESORA JURÍDICA QUE SE ADELANTA EN CUMPLIMIENTO DE LOS FINES MISIONALES DEL HOSPITAL DE AGUAZUL JUAN HERNANDO URREGO E.S.E
19,2,2025-01-03 00:00:00,19,BRINDAR SERVICIOS DE APOYO A LA GESTIÓN EN LOS TRÁMITES ADMINISTRATIVOS Y/O CONTRACTUALES REQUERIDOS EN LA OFICINA ASESORA JURÍDICA DE LA E.S.E. HOSPITAL DE AGUAZUL JUAN HERNANDO URREGO PARA SU BUEN FUNCIONAMIENTO
20,2,2025-01-03 00:00:00,20,PRESTAR SERVICIOS COMO AUXILIAR DE ENFERMERIA PARA EL DESARROLLO DE ACTIVIDADES EN EL AREA DE URGENCIA INTERNACIÓN Y SALA DE PARTOS DEL HOSPITAL DE AGUAZUL JUAN HERNANDO URREGO E.S.E.
21,2,2025-01-03 00:00:00,21,PRESTAR SERVICIOS COMO AUXILIAR DE ENFERMERIA PARA EL DESARROLLO DE ACTIVIDADES EN EL AREA DE URGENCIA INTERNACIÓN Y SALA DE PARTOS DEL HOSPITAL DE AGUAZUL JUAN HERNANDO URREGO E.S.E.
22,2,2025-01-04 00:00:00,22,APOYAR LA GESTIÓN DEL PROCESO MISIONAL DEL HOSPITAL DE AGUAZUL JUAN HERNANDO URREGO E.S.E? MEDIANTE LA PRESTACIÓN DE SERVICIOS COMO REGENTE DE FARMACIA EN EL ÁREA DE MEDICAMENTOS Y DISPOSITIVOS MÉDICOS DE ACUERDO CON LAS NECESIDADES DE LOS SERVICIOS HABILITADOS
23,2,2025-01-04 00:00:00,23,PRESTAR SERVICIOS COMO REGENTE DE FARMACIA EN LA E.S.E. HOSPITAL DE AGUAZUL JUAN HERNANDO URREGO? PARA LA ADQUISICIÓN? CUSTODIA Y CONSERVACIÓN ADECUADA DE LOS MEDICAMENTOS? DISPOSITIVOS MÉDICOS LIDERADOS POR LA OFICINA DE GESTIÓN DEL ÁREA DE LA SALUD
24,2,2025-01-04 00:00:00,24,PRESTAR SERVICIOS DE APOYO PROFESIONAL EN LOS PROCESOS Y PROCEDIMIENTOS ADMINISTRATIVOS QUE SE REALIZAN EN LA OFICINA DE GESTION DEL MEDIO AMBIENTE FISICO Y TECNOLOGICO DEL HOSPITAL DE AGUAZUL JUAN HERNANDO URREGO E.S.E.
25,2,2025-01-04 00:00:00,25,PRESTAR SERVICIOS DE APOYO TÉCNICO GARANTIZANDO EL SEGUIMIENTO? SOPORTE Y MANTENIMIENTO DEL ÁREA DE SISTEMAS DEL HOSPITAL DE AGUAZUL JUAN HERNANDO URREGO E.S.E. 
26,2,2025-01-04 00:00:00,26,PRESTAR LOS SERVICIOS COMO AUXILIAR EN ARCHIVO? EN EL PROCESO GESTION DOCUMENTAL DEL HOSPITAL DE AGUAZUL JUAN HERNANDO ESE.
27,2,2025-01-04 00:00:00,27,APOYAR LA GESTIÓN DEL PROCESO MISIONAL DEL HOSPITAL DE AGUAZUL JUAN HERNANDO URREGO E.S.E? MEDIANTE LA PRESTACIÓN DE SERVICIOS COMO AUXILIAR DE FARMACIA DE ACUERDO CON LAS NECESIDADES DE LOS SERVICIOS HABILITADOS.
28,2,2025-01-04 00:00:00,28,APOYAR LA GESTIÓN DEL PROCESO MISIONAL DEL HOSPITAL DE AGUAZUL JUAN HERNANDO URREGO E.S.E? MEDIANTE LA PRESTACIÓN DE SERVICIOS COMO AUXILIAR DE FARMACIA DE ACUERDO CON LAS NECESIDADES DE LOS SERVICIOS HABILITADOS.
29,2,2025-01-04 00:00:00,29,APOYAR LA GESTIÓN DEL PROCESO MISIONAL DEL HOSPITAL DE AGUAZUL JUAN HERNANDO URREGO E.S.E? MEDIANTE LA PRESTACIÓN DE SERVICIOS COMO AUXILIAR DE FARMACIA DE ACUERDO CON LAS NECESIDADES DE LOS SERVICIOS HABILITADOS.
30,2,2025-01-04 00:00:00,30,APOYAR LA GESTIÓN DEL PROCESO MISIONAL DEL HOSPITAL DE AGUAZUL JUAN HERNANDO URREGO E.S.E? MEDIANTE LA PRESTACIÓN DE SERVICIOS COMO AUXILIAR DE FARMACIA DE ACUERDO CON LAS NECESIDADES DE LOS SERVICIOS HABILITADOS.
31,2,2025-01-04 00:00:00,31,APOYAR LA GESTIÓN DEL PROCESO MISIONAL DEL HOSPITAL DE AGUAZUL JUAN HERNANDO URREGO E.S.E? MEDIANTE LA PRESTACIÓN DE SERVICIOS COMO AUXILIAR DE FARMACIA DE ACUERDO CON LAS NECESIDADES DE LOS SERVICIOS HABILITADOS.
32,2,2025-01-04 00:00:00,32,PRESTAR SERVICIOS COMO AUXILIAR DE ENFERMERIA PARA LA ATENCION DE USUARIOS EN EL SERVICIO DE VACUNACION DEL HOSPITAL DE AGUAZUL JUAN HERNANDO URREGO E.S.E.
33,2,2025-01-04 00:00:00,33,PRESTAR SERVICIOS COMO AUXILIAR DE ENFERMERIA PARA LA ATENCION DE USUARIOS EN EL SERVICIO DE VACUNACION DEL HOSPITAL DE AGUAZUL JUAN HERNANDO URREGO E.S.E.
34,2,2025-01-04 00:00:00,34,APOYAR LA GESTIÓN DEL PROCESO MISIONAL DEL HOSPITAL DE AGUAZUL JUAN HERNANDO URREGO E.S.E? MEDIANTE LA PRESTACIÓN DE SERVICIOS COMO AUXILIAR DE FARMACIA DE ACUERDO CON LAS NECESIDADES DE LOS SERVICIOS HABILITADOS.
35,2,2025-01-04 00:00:00,35,PRESTAR SERVICIOS PROFESIONALES EN MATERIA JURÍDICA PARA EL FORTALECIMIENTO DE LA GESTIÓN CONTRACTUAL A CARGO DE LA OFICINA ASESORA JURÍDICA QUE SE ADELANTA EN CUMPLIMIENTO DE LOS FINES MISIONALES DEL HOSPITAL DE AGUAZUL JUAN HERNANDO URREGO E.S.E
36,2,2025-01-04 00:00:00,36,PRESTAR SERVICIOS COMO AUXILIAR DE ENFERMERIA PARA EL PROCESO DE LA ATENCION DE USUARIOS EN EL AREA DE   DIAGNOSTICO Y REHABILITACIÓN   DEL HOSPITAL DE AGUAZUL JUAN HERNANDO URREGO E.S.E.
37,2,2025-01-04 00:00:00,37,BRINDAR SERVICIOS DE APOYO A LA GESTIÓN EN LAS ÁREAS OPERATIVA Y ADMINISTRATIVA PARA EL PROCESO DE FACTURACIÓN EN LA ADMISIÓN DEL PACIENTE? ASÍ COMO EN AUTORIZACIONES? VALIDACIONES Y CUALQUIER OTRA INFORMACIÓN GENERAL QUE REQUIERAN LOS USUARIOS DE LOS SERVICIOS DE SALUD PRESTADOS POR EL HOSPITAL DE AGUAZUL JUAN HERNANDO URREGO E.S.E.
38,2,2025-01-04 00:00:00,38,BRINDAR SERVICIOS DE APOYO A LA GESTIÓN EN LAS ÁREAS OPERATIVA Y ADMINISTRATIVA PARA EL PROCESO DE FACTURACIÓN EN LA ADMISIÓN DEL PACIENTE? ASÍ COMO EN AUTORIZACIONES? VALIDACIONES Y CUALQUIER OTRA INFORMACIÓN GENERAL QUE REQUIERAN LOS USUARIOS DE LOS SERVICIOS DE SALUD PRESTADOS POR EL HOSPITAL DE AGUAZUL JUAN HERNANDO URREGO E.S.E.
39,2,2025-01-04 00:00:00,39,BRINDAR SERVICIOS DE APOYO A LA GESTIÓN EN LAS ÁREAS OPERATIVA Y ADMINISTRATIVA PARA EL PROCESO DE FACTURACIÓN EN LA ADMISIÓN DEL PACIENTE? ASÍ COMO EN AUTORIZACIONES? VALIDACIONES Y CUALQUIER OTRA INFORMACIÓN GENERAL QUE REQUIERAN LOS USUARIOS DE LOS SERVICIOS DE SALUD PRESTADOS POR EL HOSPITAL DE AGUAZUL JUAN HERNANDO URREGO E.S.E.
40,2,2025-01-04 00:00:00,40,BRINDAR SERVICIOS DE APOYO A LA GESTIÓN EN LAS ÁREAS OPERATIVA Y ADMINISTRATIVA PARA EL PROCESO DE FACTURACIÓN EN LA ADMISIÓN DEL PACIENTE? ASÍ COMO EN AUTORIZACIONES? VALIDACIONES Y CUALQUIER OTRA INFORMACIÓN GENERAL QUE REQUIERAN LOS USUARIOS DE LOS SERVICIOS DE SALUD PRESTADOS POR EL HOSPITAL DE AGUAZUL JUAN HERNANDO URREGO E.S.E.
41,2,2025-01-07 00:00:00,41,PRESTAR SERVICIOS COMO AUXILIAR DE ENFERMERIA PARA LA RUTA   INTEGRAL DE ATENCION PARA LA PROMOCION Y MANTENIMIENTO DE LA SALUD Y LA RUTA DE ATENCION PARA LA POBLACION MATERNO PERINATAL DEL HOSPITAL DE AGUAZUL JUAN HERNANDO URREGO E.S.E.
42,2,2025-01-07 00:00:00,42,PRESTAR SERVICIOS COMO AUXILIAR PARA EL DESARROLLO DE ACTIVIDADES EN EL SERVICIO DE LABORATORIO CLINICO   DEL HOSPITAL DE AGUAZUL JUAN HERNANDO URREGO E.S.E.
43,2,2025-01-07 00:00:00,43,PRESTAR SERVICIOS COMO AUXILIAR PARA EL DESARROLLO DE ACTIVIDADES EN EL SERVICIO DE LABORATORIO CLINICO   DEL HOSPITAL DE AGUAZUL JUAN HERNANDO URREGO E.S.E.
44,2,2025-01-07 00:00:00,44,PAGO DE SERVICIOS LINEAS MOVILES DE LAS DIFERENTES AREAS DEL HOSPITAL DE AGUAZUL JUAN HERNANDO URREGO E.S.E.CORRESPONDIENTE AL PERIODO: DEL 27 DE DICIEMBRE DEL 2024 AL 26 DE ENERO DE 2025
45,2,2025-01-07 00:00:00,45,PAGO DE SERVICIO DE TRONCAL SIP DEL HOSPITAL DE AGUAZUL JUAN HERNANDO URREGO E.S.E.  CUENTA N? 0002- REFERENCIA DE PAGO: 181175394? CORRESPONDIENTE AL PERIODO FACTURADO ENTRE EL 1 DE DICIEMBRE DEL 2024 AL 31 DE DICIEMBRE  DEL AÑO 2024? FACTURA ELECTRONICA DE VENTA N. 580831271871
46,2,2025-01-07 00:00:00,46,PAGO DE SERVICIO DE INTERNETH DEL HOSPITAL DE AGUAZUL JUAN HERNANDO URREGO E.S.E. FACTURA N. F1AM-52CORRESPONDIENTE AL ME DE ENERO DE 2025
47,2,2025-01-07 00:00:00,47,PRESTACIÓN DE SERVICIOS PROFESIONALES EN MEDICINA GENERAL PARA EL FORTALECIMIENTO DE LOS PROCESOS MISIONALES A CARGO DEL HOSPITAL DE AGUAZUL JUAN HERNANDO URREGO E.S.E.
48,2,2025-01-07 00:00:00,48,PRESTACIÓN DE SERVICIOS PROFESIONALES EN MEDICINA GENERAL PARA EL FORTALECIMIENTO DE LOS PROCESOS MISIONALES A CARGO DEL HOSPITAL DE AGUAZUL JUAN HERNANDO URREGO E.S.E.
49,2,2025-01-07 00:00:00,49,PRESTACIÓN DE SERVICIOS PROFESIONALES EN MEDICINA GENERAL PARA EL FORTALECIMIENTO DE LOS PROCESOS MISIONALES A CARGO DEL HOSPITAL DE AGUAZUL JUAN HERNANDO URREGO E.S.E.
50,2,2025-01-07 00:00:00,50,PRESTACIÓN DE SERVICIOS PROFESIONALES EN MEDICINA GENERAL PARA EL FORTALECIMIENTO DE LOS PROCESOS MISIONALES A CARGO DEL HOSPITAL DE AGUAZUL JUAN HERNANDO URREGO E.S.E.
51,2,2025-01-07 00:00:00,51,PRESTACIÓN DE SERVICIOS PROFESIONALES EN MEDICINA GENERAL PARA EL FORTALECIMIENTO DE LOS PROCESOS MISIONALES A CARGO DEL HOSPITAL DE AGUAZUL JUAN HERNANDO URREGO E.S.E.
52,2,2025-01-07 00:00:00,52,PRESTACIÓN DE SERVICIOS PROFESIONALES EN MEDICINA GENERAL PARA EL FORTALECIMIENTO DE LOS PROCESOS MISIONALES A CARGO DEL HOSPITAL DE AGUAZUL JUAN HERNANDO URREGO E.S.E.
53,2,2025-01-07 00:00:00,53,PRESTACIÓN DE SERVICIOS PROFESIONALES EN MEDICINA GENERAL PARA EL FORTALECIMIENTO DE LOS PROCESOS MISIONALES A CARGO DEL HOSPITAL DE AGUAZUL JUAN HERNANDO URREGO E.S.E.
54,2,2025-01-07 00:00:00,54,PRESTACIÓN DE SERVICIOS PROFESIONALES EN MEDICINA GENERAL PARA EL FORTALECIMIENTO DE LOS PROCESOS MISIONALES A CARGO DEL HOSPITAL DE AGUAZUL JUAN HERNANDO URREGO E.S.E.
55,2,2025-01-07 00:00:00,55,PRESTACIÓN DE SERVICIOS PROFESIONALES EN MEDICINA GENERAL PARA EL FORTALECIMIENTO DE LOS PROCESOS MISIONALES A CARGO DEL HOSPITAL DE AGUAZUL JUAN HERNANDO URREGO E.S.E.
56,2,2025-01-07 00:00:00,56,PRESTACIÓN DE SERVICIOS PROFESIONALES EN MEDICINA GENERAL PARA EL FORTALECIMIENTO DE LOS PROCESOS MISIONALES A CARGO DEL HOSPITAL DE AGUAZUL JUAN HERNANDO URREGO E.S.E.
57,2,2025-01-07 00:00:00,57,PRESTACIÓN DE SERVICIOS PROFESIONALES EN MEDICINA GENERAL PARA EL FORTALECIMIENTO DE LOS PROCESOS MISIONALES A CARGO DEL HOSPITAL DE AGUAZUL JUAN HERNANDO URREGO E.S.E.
58,2,2025-01-07 00:00:00,58,PRESTACIÓN DE SERVICIOS PROFESIONALES EN MEDICINA GENERAL PARA EL FORTALECIMIENTO DE LOS PROCESOS MISIONALES A CARGO DEL HOSPITAL DE AGUAZUL JUAN HERNANDO URREGO E.S.E.
59,2,2025-01-07 00:00:00,59,PRESTACIÓN DE SERVICIOS PROFESIONALES EN MEDICINA GENERAL PARA EL FORTALECIMIENTO DE LOS PROCESOS MISIONALES A CARGO DEL HOSPITAL DE AGUAZUL JUAN HERNANDO URREGO E.S.E.
60,2,2025-01-07 00:00:00,60,PRESTACIÓN DE SERVICIOS PROFESIONALES EN MEDICINA GENERAL PARA EL FORTALECIMIENTO DE LOS PROCESOS MISIONALES A CARGO DEL HOSPITAL DE AGUAZUL JUAN HERNANDO URREGO E.S.E.
61,2,2025-01-07 00:00:00,61,PRESTACIÓN DE SERVICIOS PROFESIONALES EN MEDICINA GENERAL PARA EL FORTALECIMIENTO DE LOS PROCESOS MISIONALES A CARGO DEL HOSPITAL DE AGUAZUL JUAN HERNANDO URREGO E.S.E.
62,2,2025-01-07 00:00:00,62,PRESTACIÓN DE SERVICIOS PROFESIONALES EN MEDICINA GENERAL PARA EL FORTALECIMIENTO DE LOS PROCESOS MISIONALES A CARGO DEL HOSPITAL DE AGUAZUL JUAN HERNANDO URREGO E.S.E.
63,2,2025-01-07 00:00:00,63,PRESTACIÓN DE SERVICIOS PROFESIONALES EN MEDICINA GENERAL PARA EL FORTALECIMIENTO DE LOS PROCESOS MISIONALES A CARGO DEL HOSPITAL DE AGUAZUL JUAN HERNANDO URREGO E.S.E.
64,2,2025-01-07 00:00:00,64,CONTRATAR LA PRESTACIÓN DE SERVICIOS PROFESIONALES EN BACTERIOLOGÍA PARA ANÁLISIS Y REPORTE DE LABORATORIO CLÍNICO QUE APOYEN EL DIAGNOSTICO PRONOSTICO PREVENCIÓN Y TRATAMIENTO DE LA ENFERMEDAD AJUSTADOS A LA LEGISLACIÓN Y NORMAS TÉCNICAS EN EL HOSPITAL DE AGUAZUL JUAN HERNANDO URREGO E.S.E.
65,2,2025-01-07 00:00:00,65,CONTRATAR LA PRESTACIÓN DE SERVICIOS PROFESIONALES EN BACTERIOLOGÍA PARA ANÁLISIS Y REPORTE DE LABORATORIO CLÍNICO QUE APOYEN EL DIAGNOSTICO PRONOSTICO PREVENCIÓN Y TRATAMIENTO DE LA ENFERMEDAD AJUSTADOS A LA LEGISLACIÓN Y NORMAS TÉCNICAS EN EL HOSPITAL DE AGUAZUL JUAN HERNANDO URREGO E.S.E.
66,2,2025-01-07 00:00:00,66,BRINDAR SERVICIOS DE APOYO A LA GESTIÓN EN LAS ÁREAS OPERATIVA Y ADMINISTRATIVA PARA EL PROCESO DE FACTURACIÓN EN LA ADMISIÓN DEL PACIENTE? ASÍ COMO EN AUTORIZACIONES? VALIDACIONES Y CUALQUIER OTRA INFORMACIÓN GENERAL QUE REQUIERAN LOS USUARIOS DE LOS SERVICIOS DE SALUD PRESTADOS POR EL HOSPITAL DE AGUAZUL JUAN HERNANDO URREGO E.S.E.
67,2,2025-01-07 00:00:00,67,FORTALECER LOS SERVICIOS PROFESIONALES ESPECIALIZADOS EN BACTERIOLOGÍA DEL LABORATORIO CLÍNICO DEL HOSPITAL DE AGUAZUL JUAN HERNANDO URREGO E.S.E.
68,2,2025-01-07 00:00:00,68,PRESTAR SERVICIOS PROFESIONALES EN MATERIA JURÍDICA PARA EL FORTALECIMIENTO DE LA GESTIÓN CONTRACTUAL A CARGO DE LA OFICINA ASESORA JURÍDICA QUE SE ADELANTA EN CUMPLIMIENTO DE LOS FINES MISIONALES DEL HOSPITAL DE AGUAZUL JUAN HERNANDO URREGO E.S.E.
69,2,2025-01-07 00:00:00,69,PRESTAR SUS SERVICIOS PROFESIONALES EN LA GESTION INTEGRAL DEL SISTEMA OBLIGATORIO DE GARANTIA DE LA CALIDAD (SOGC) Y PAMEC? EN EL HOSPITAL DE AGUAZUL JUAN HERNANDO URREGO E.S.E.
70,2,2025-01-08 00:00:00,70,PRESTACION DE SERVICIOS ASISTENCIALES DE ENFERMERIA PARA EL PROCESO DE LA ATENCION DE USUARIOS EN EL AREA DE URGENCIA INTERNACIÓN Y SALA DE PARTOS DEL HOSPITAL DE AGUAZUL JUAN HERNANDO URREGO E.S.E.
71,2,2025-01-08 00:00:00,71,PRESTAR SERVICIOS COMO AUXILIAR DE ENFERMERIA PARA EL DESARROLLO DE ACTIVIDADES EN EL AREA DE URGENCIA INTERNACIÓN Y SALA DE PARTOS DEL HOSPITAL DE AGUAZUL JUAN HERNANDO URREGO E.S.E.
72,2,2025-01-08 00:00:00,72,PRESTAR SERVICIOS COMO AUXILIAR DE ENFERMERIA PARA LA ATENCION DE USUARIOS EN EL SERVICIO DE VACUNACION DEL HOSPITAL DE AGUAZUL JUAN HERNANDO URREGO E.S.E.
73,2,2025-01-08 00:00:00,73,PAGO DEL SERVICIO DE ENERGIA ELECTRICA DEL CORREGIMIENTO DE CENTRO DE SALUD DE CUPIAGUA CORRESPONDIENTE AL MES DE DICIEMEBRE DE 2024
74,2,2025-01-08 00:00:00,74,PRESTACIÓN DE SERVICIOS PROFESIONALES EN MEDICINA GENERAL PARA EL FORTALECIMIENTO DE LOS PROCESOS MISIONALES A CARGO DEL HOSPITAL DE AGUAZUL JUAN HERNANDO URREGO E.S.E.
75,2,2025-01-08 00:00:00,75,PRESTAR SUS SERVICIOS PROFESIONALES EN LA GESTION INTEGRAL DEL SISTEMA DE SEGURIDAD Y SALUD EN EL TRABAJO - SGSST Y EL PLAN DE GESTIÓN DE RESIDUOS HOSPITALARIOS GENERADOS POR LA ATENCIÓN EN SALUD Y OTRAS ACTIVIDADES - PGIRASA - DEL HOSPITAL DE AGUAZUL JUAN HERNANDO URREGO E.S.E.
76,2,2025-01-08 00:00:00,76,BRINDAR SERVICIOS DE APOYO A LA GESTIÓN EN LAS ÁREAS OPERATIVA Y ADMINISTRATIVA PARA EL PROCESO DE FACTURACIÓN EN LA ADMISIÓN DEL PACIENTE? ASÍ COMO EN AUTORIZACIONES? VALIDACIONES Y CUALQUIER OTRA INFORMACIÓN GENERAL QUE REQUIERAN LOS USUARIOS DE LOS SERVICIOS DE SALUD PRESTADOS POR EL HOSPITAL DE AGUAZUL JUAN HERNANDO URREGO E.S.E
77,2,2025-01-08 00:00:00,77,PRESTACIÓN DE SERVICIOS PROFESIONALES EN MEDICINA GENERAL PARA EL FORTALECIMIENTO DE LOS PROCESOS MISIONALES A CARGO DEL HOSPITAL DE AGUAZUL JUAN HERNANDO URREGO E.S.E.
78,2,2025-01-08 00:00:00,78,EJERCER ACCIONES DE COORDINACIÓN  DE ENFERMERÍA DE LOS SERVICIOS ASISTENCIALES DE URGENCIAS E INTERNACIÓN DE LA E.S.E. HOSPITAL DE AGUAZUL JUAN HERNANDO URREGO.
79,2,2025-01-08 00:00:00,79,BRINDAR SERVICIOS DE APOYO A LA GESTIÓN EN LAS ÁREAS OPERATIVA Y ADMINISTRATIVA PARA EL PROCESO DE FACTURACIÓN EN LA ADMISIÓN DEL PACIENTE? ASÍ COMO EN AUTORIZACIONES? VALIDACIONES Y CUALQUIER OTRA INFORMACIÓN GENERAL QUE REQUIERAN LOS USUARIOS DE LOS SERVICIOS DE SALUD PRESTADOS POR EL HOSPITAL DE AGUAZUL JUAN HERNANDO URREGO E.S.E.
80,2,2025-01-08 00:00:00,80,PRESTAR SUS SERVICIOS PROFESIONALES EN LA GESTIÓN INTEGRAL DEL SISTEMA DE INFORMACIÓN Y ATENCIÒN AL USUARIO (SIAU) EN EL HOSPITAL DE AGUAZUL JUAN HERNANDO URREGO ESE.
81,2,2025-01-09 00:00:00,81,PRESTAR SERVICIOS COMO AUXILIAR DE ENFERMERIA PARA LA RUTA   INTEGRAL DE ATENCION PARA LA PROMOCION Y MANTENIMIENTO DE LA SALUD Y LA RUTA DE ATENCION PARA LA POBLACION MATERNO PERINATAL DEL HOSPITAL DE AGUAZUL JUAN HERNANDO URREGO E.S.E.
82,2,2025-01-09 00:00:00,82,PRESTAR SERVICIOS COMO AUXILIAR DE ENFERMERIA PARA EL DESARROLLO DE ACTIVIDADES EN EL AREA DE URGENCIA INTERNACIÓN Y SALA DE PARTOS DEL HOSPITAL DE AGUAZUL JUAN HERNANDO URREGO E.S.E.
83,2,2025-01-09 00:00:00,83,PRESTACION DE SERVICIOS ASISTENCIALES DE ENFERMERIA PARA EL PROCESO DE LA ATENCION DE USUARIOS EN EL AREA DE URGENCIA INTERNACIÓN Y SALA DE PARTOS DEL HOSPITAL DE AGUAZUL JUAN HERNANDO URREGO E.S.E.
84,2,2025-01-09 00:00:00,84,PAGO DE SERVICIO DE SOLUCION CONECTIV TRONCAL SIP DEL HOSPITAL DE AGUAZUL JUAN HERNANDO URREGO E.S.E. N. CUENTA N. 0000- REFERENCIA DE PAGO 180070267? CORRESPONDIENTE AL PERIODO FACTURADO ENTRE EL 01 DE DICIEMBRE AL 31 DE DICIEMBRE DE 2024
85,2,2025-01-09 00:00:00,85,PAGO DE SERVICIOS DE ENERGIA ELECTRICA DEL HOSPITAL DE AGUAZUL JUAN HERNANDO URREGO E.S.E. CORRESPONDIENTE AL PERIODO COMPRENDIDO ENTRE EL 19 DE NOVIEMBRE AL 19 DE DICIEMBRE DE 2024
86,2,2025-01-09 00:00:00,86,PRESTAR SERVICIOS COMO AUXILIAR DE ENFERMERIA PARA EL DESARROLLO DE ACTIVIDADES EN EL AREA DE URGENCIA INTERNACIÓN Y SALA DE PARTOS DEL HOSPITAL DE AGUAZUL JUAN HERNANDO URREGO E.S.E.
87,2,2025-01-09 00:00:00,87,PRESTAR SERVICIOS COMO AUXILIAR DE ENFERMERIA PARA LA RUTA   INTEGRAL DE ATENCION PARA LA PROMOCION Y MANTENIMIENTO DE LA SALUD Y LA RUTA DE ATENCION PARA LA POBLACION MATERNO PERINATAL DEL HOSPITAL DE AGUAZUL JUAN HERNANDO URREGO E.S.E.
88,2,2025-01-09 00:00:00,88,PRESTAR SERVICIOS DE APOYO TÉCNICO EN LOS PROCESOS DE CLASIFICACIÓN DE LOS BIENES E INVENTARIOS DE ACTIVOS DE PROPIEDAD DEL HOSPITAL DE AGUAZUL JUAN HERNANDO URREGO E.S.E. Y A CARGO DEL ALMACÉN GENERAL 
89,2,2025-01-09 00:00:00,89,PRESTACIÓN DE SERVICIOS PROFESIONALES EN MEDICINA GENERAL PARA EL FORTALECIMIENTO DE LOS PROCESOS MISIONALES A CARGO DEL HOSPITAL DE AGUAZUL JUAN HERNANDO URREGO E.S.E.
90,2,2025-01-09 00:00:00,90,PRESTACIÓN DE SERVICIOS PROFESIONALES EN MEDICINA GENERAL PARA EL FORTALECIMIENTO DE LOS PROCESOS MISIONALES A CARGO DEL HOSPITAL DE AGUAZUL JUAN HERNANDO URREGO E.S.E.
91,2,2025-01-09 00:00:00,91,PRESTAR SERVICIOS PROFESIONALES COMO MÉDICO GENERAL PARA EJERCER LA COORDINACIÓN MÉDICA DE LOS PROCESOS ASISTENCIALES DE CONSULTA EXTERNA? URGENCIAS E INTERNACIÓN DEL HOSPITAL DE AGUAZUL JUAN HERNANDO URREGO E.S.E.
92,2,2025-01-09 00:00:00,92,PRESTAR SERVICIOS COMO TECNOLOGO EN RADIOLOGIA PARA REALIZAR LAS ACTIVIDADES DE LA UNIDAD DE SERVICIO DE CONSULTA EXTERNA Y URGENCIAS  EN ARAS DE FORTALECER EL PROCESO MISIONAL DEL HOSPITAL DE AGUAZUL JUAN HERNANDO URREGO E.S.E.
93,2,2025-01-09 00:00:00,93,PRESTAR SUS SERVICIOS PROFESIONALES COMO CONTADOR PÚBLICO A FAVOR DEL HOSPITAL DE AGUAZUL JUAN HERNANDO URREGO E.S.E.
94,2,2025-01-09 00:00:00,94,BRINDAR SERVICIOS DE APOYO A LA GESTIÓN EN LAS ÁREAS OPERATIVA Y ADMINISTRATIVA PARA EL PROCESO DE FACTURACIÓN EN LA ADMISIÓN DEL PACIENTE? ASÍ COMO EN AUTORIZACIONES? VALIDACIONES Y CUALQUIER OTRA INFORMACIÓN GENERAL QUE REQUIERAN LOS USUARIOS DE LOS SERVICIOS DE SALUD PRESTADOS POR EL HOSPITAL DE AGUAZUL JUAN HERNANDO URREGO E.S.E
95,2,2025-01-09 00:00:00,95,PRESTAR SERVICIOS COMO AUXILIAR PARA EL DESARROLLO DE ACTIVIDADES EN EL SERVICIO DE LABORATORIO CLINICO   DEL HOSPITAL DE AGUAZUL JUAN HERNANDO URREGO E.S.E.
96,2,2025-01-09 00:00:00,96,BRINDAR SERVICIOS DE APOYO PARA LLEVAR A CABO EL PROCESO ADMINISTRATIVO Y FINANCIERO DE AUDITORÍA TÉCNICA DE LAS CUENTAS MÉDICAS CORRESPONDIENTES A LAS FACTURAS POR LA PRESTACIÓN DE SERVICIOS DE SALUD BRINDADOS POR EL HOSPITAL DE AGUAZUL JUAN HERNANDO URREGO E.S.E
97,2,2025-01-09 00:00:00,97,BRINDAR SERVICIOS DE APOYO EN EL PROCESO DE RECEPCIÓN? INGRESO Y RESPUESTA A GLOSAS? OBJECIONES Y REITERACIONES GENERADAS POR LA FACTURACIÓN DE LAS DIFERENTES EMPRESAS RESPONSABLES DE PAGO POR LOS SERVICIOS DE SALUD PRESTADOS POR EL HOSPITAL DE AGUAZUL JUAN HERNANDO URREGO E.S.E.
98,2,2025-01-09 00:00:00,98,BRINDAR SERVICIOS PROFESIONALES EN LA ELABORACIÓN? REVISIÓN? AJUSTES? SEGUIMIENTO Y CONSOLIDACIÓN DE INFORMACIÓN PARA LA RENDICIÓN DE INFORMES DE COMPETENCIA DE LA OFICINA ADMINISTRATIVA Y FINANCIERA DEL HOSPITAL JUAN HERNANDO URREGO DE AGUAZUL E.S.E.
99,2,2025-01-09 00:00:00,99,BRINDAR SERVICIO DE APOYO A LA GESTIÓN EN LA COORDINACIÓN Y SEGUIMIENTO DE LOS PROCESOS DE FACTURACIÓN? SOPORTE DOCUMENTAL DE CUENTAS MÉDICAS? RADICACIÓN Y AUDITORÍA TÉCNICA Y NORMATIVA? EN LÍNEA CON EL PROCESO ESTRATÉGICO DE GESTIÓN ADMINISTRATIVA Y FINANCIERA DEL HOSPITAL DE AGUAZUL JUAN HERNANDO URREGO E.S.E.
100,2,2025-01-09 00:00:00,100,PRESTACIÓN DE SERVICIOS DE APOYO A LA GESTIÓN PARA EL DILIGENCIAMIENTO DE CUENTAS? GENERACIÓN DE RIPS? ELABORACIÓN DE CUENTAS DE COBRO? RADICACIÓN ANTE LAS ENTIDADES RESPONSABLES DE PAGO? ORGANIZACIÓN DE RADICADOS Y ENTREGA OPORTUNA DE LOS MISMOS AL ÁREA DE CARTERA? ABARCANDO TODAS LAS FACTURAS GENERADAS POR LA PRESTACIÓN DE SERVICIOS EN SALUD DEL HOSPITAL DE AGUAZUL JUAN HERNANDO URREGO E.S.E."
101,2,2025-01-09 00:00:00,101,PRESTACIÓN DE SERVICIOS DE APOYO A LA GESTIÓN PARA EL DILIGENCIAMIENTO DE CUENTAS? GENERACIÓN DE RIPS? ELABORACIÓN DE CUENTAS DE COBRO? RADICACIÓN ANTE LAS ENTIDADES RESPONSABLES DE PAGO? ORGANIZACIÓN DE RADICADOS Y ENTREGA OPORTUNA DE LOS MISMOS AL ÁREA DE CARTERA? ABARCANDO TODAS LAS FACTURAS GENERADAS POR LA PRESTACIÓN DE SERVICIOS EN SALUD DEL HOSPITAL DE AGUAZUL JUAN HERNANDO URREGO E.S.E."
102,2,2025-01-09 00:00:00,102,BRINDAR SERVICIOS DE APOYO PARA LLEVAR A CABO EL PROCESO ADMINISTRATIVO Y FINANCIERO DE AUDITORÍA TÉCNICA DE LAS CUENTAS MÉDICAS RELACIONADAS CON LAS FACTURAS POR LA PRESTACIÓN DE SERVICIOS DE SALUD OFRECIDOS POR EL HOSPITAL DE AGUAZUL JUAN HERNANDO URREGO E.S.E."
103,2,2025-01-09 00:00:00,103,BRINDAR SERVICIOS DE APOYO A LA GESTIÓN EN LA OFICINA ADMINISTRATIVA Y FINANCIERA PARA EL SEGUIMIENTO DE LA CARTERA DEL HOSPITAL DE AGUAZUL JUAN HERNANDO URREGO E.S.E.
104,2,2025-01-09 00:00:00,104,BRINDAR SERVICIOS DE APOYO A LA GESTIÓN EN LA OFICINA ADMINISTRATIVA Y FINANCIERA PARA EL SEGUIMIENTO DE LA CARTERA? GESTIONANDO LAS GLOSAS Y DEVOLUCIONES DEL HOSPITAL DE AGUAZUL JUAN HERNANDO URREGO E.S.E.
105,2,2025-01-09 00:00:00,105,BRINDAR SERVICIOS DE APOYO A LA GESTIÓN EN LAS ÁREAS OPERATIVA Y ADMINISTRATIVA PARA EL PROCESO DE FACTURACIÓN EN LA ADMISIÓN DEL PACIENTE? ASÍ COMO EN AUTORIZACIONES? VALIDACIONES Y CUALQUIER OTRA INFORMACIÓN GENERAL QUE REQUIERAN LOS USUARIOS DE LOS SERVICIOS DE SALUD PRESTADOS POR EL HOSPITAL DE AGUAZUL JUAN HERNANDO URREGO E.S.E.
106,2,2025-01-09 00:00:00,106,BRINDAR SERVICIOS PROFESIONALES COMO INGENIERO DE SISTEMAS PARA GESTIONAR Y CONTROLAR LOS SISTEMAS DE INFORMACIÓN CRONHIS Y GCI? PROPORCIONANDO SOPORTE TÉCNICO Y CAPACITACIÓN A LOS USUARIOS DEL SISTEMA DE INFORMACIÓN DEL HOSPITAL DE AGUAZUL JUAN HERNANDO URREGO E.S.E.
107,2,2025-01-09 00:00:00,107,PRESTAR SERVICIOS COMO TECNOLOGO EN RADIOLOGIA PARA REALIZAR LAS ACTIVIDADES DE LA UNIDAD DE SERVICIO DE CONSULTA EXTERNA Y URGENCIAS  EN ARAS DE FORTALECER EL PROCESO MISIONAL DEL HOSPITAL DE AGUAZUL JUAN HERNANDO URREGO E.S.E.
108,2,2025-01-09 00:00:00,108,PRESTAR SERVICIOS COMO TECNOLOGO EN RADIOLOGIA PARA REALIZAR LAS ACTIVIDADES DE LA UNIDAD DE SERVICIO DE CONSULTA EXTERNA Y URGENCIAS  EN ARAS DE FORTALECER EL PROCESO MISIONAL DEL HOSPITAL DE AGUAZUL JUAN HERNANDO URREGO E.S.E.
109,2,2025-01-09 00:00:00,109,CONTRATAR LA PRESTACIÓN DE SERVICIOS PROFESIONALES EN BACTERIOLOGÍA PARA ANÁLISIS Y REPORTE DE LABORATORIO CLÍNICO QUE APOYEN EL DIAGNOSTICO PRONOSTICO PREVENCIÓN Y TRATAMIENTO DE LA ENFERMEDAD AJUSTADOS A LA LEGISLACIÓN Y NORMAS TÉCNICAS EN EL HOSPITAL DE AGUAZUL JUAN HERNANDO URREGO E.S.E.
110,2,2025-01-09 00:00:00,110,PRESTAR SERVICIOS COMO AUXILIAR DE ENFERMERIA PARA LA RUTA   INTEGRAL DE ATENCION PARA LA PROMOCION Y MANTENIMIENTO DE LA SALUD Y LA RUTA DE ATENCION PARA LA POBLACION MATERNO PERINATAL DEL HOSPITAL DE AGUAZUL JUAN HERNANDO URREGO E.S.E.
111,2,2025-01-10 00:00:00,117,PRESTAR SERVICIOS PROFESIONALES EN MATERIA JURÍDICA PARA EL FORTALECIMIENTO DE LA GESTIÓN CONTRACTUAL A CARGO DE LA OFICINA ASESORA JURÍDICA QUE SE ADELANTA EN CUMPLIMIENTO DE LOS FINES MISIONALES DEL HOSPITAL DE AGUAZUL JUAN HERNANDO URREGO E.S.E.
112,2,2025-01-09 00:00:00,111,CONTRATAR LA PRESTACIÓN DE SERVICIOS PROFESIONALES EN BACTERIOLOGÍA PARA ANÁLISIS Y REPORTE DE LABORATORIO CLÍNICO QUE APOYEN EL DIAGNOSTICO PRONOSTICO PREVENCIÓN Y TRATAMIENTO DE LA ENFERMEDAD AJUSTADOS A LA LEGISLACIÓN Y NORMAS TÉCNICAS EN EL HOSPITAL DE AGUAZUL JUAN HERNANDO URREGO E.S.E.
113,2,2025-01-10 00:00:00,112,PRESTAR SERVICIOS COMO AUXILIAR DE ENFERMERIA PARA EL DESARROLLO DE ACTIVIDADES EN EL AREA DE URGENCIA INTERNACIÓN Y SALA DE PARTOS DEL HOSPITAL DE AGUAZUL JUAN HERNANDO URREGO E.S.E.
114,2,2025-01-10 00:00:00,113,SERVICIOS  DE APOYO A LA GESTIÓN DE CARÁCTER ADMINISTRATIVO EN EL ÁREA DE LA SALUD CON EL FIN DE FORTALECER EL PROCESO MISIONAL DEL HOSPITAL DE AGUAZUL JUAN HERNANDO URREGO E.S.E.
115,2,2025-01-10 00:00:00,114,PRESTAR SERVICIOS COMO AUXILIAR PARA EL DESARROLLO DE ACTIVIDADES EN EL SERVICIO DE LABORATORIO CLINICO   DEL HOSPITAL DE AGUAZUL JUAN HERNANDO URREGO E.S.E.
116,2,2025-01-10 00:00:00,115,PRESTAR SERVICIOS COMO AUXILIAR PARA EL DESARROLLO DE ACTIVIDADES EN EL SERVICIO DE LABORATORIO CLINICO   DEL HOSPITAL DE AGUAZUL JUAN HERNANDO URREGO E.S.E.
117,2,2025-01-10 00:00:00,116,BRINDAR SERVICIOS DE APOYO A LA GESTIÓN EN LAS ÁREAS OPERATIVA Y ADMINISTRATIVA PARA EL PROCESO DE FACTURACIÓN EN LA ADMISIÓN DEL PACIENTE? ASÍ COMO EN AUTORIZACIONES? VALIDACIONES Y CUALQUIER OTRA INFORMACIÓN GENERAL QUE REQUIERAN LOS USUARIOS DE LOS SERVICIOS DE SALUD PRESTADOS POR EL HOSPITAL DE AGUAZUL JUAN HERNANDO URREGO E.S.E.
118,2,2025-01-10 00:00:00,118,BRINDAR SERVICIOS PROFESIONALES EN ENFERMERÍA PARA EJERCER LA COORDINACIÓN DE LA RUTA DE PROMOCIÓN Y MANTENIMIENTO DE LA SALUD ACORDE A LOS SERVICIOS OFERTADOS POR LA E.S.E. HOSPITAL DE AGUAZUL JUAN HERNANDO URREGO.
119,2,2025-01-10 00:00:00,119,PRESTAR SERVICIOS PROFESIONALES PARA EL DESARROLLO DEL PROGRAMA DE SEGURIDAD AL PACIENTE DEL HOSPITAL DE AGUAZUL JUAN HERNANDO URREGO E.S.E.
120,2,2025-01-10 00:00:00,120,BRINDAR SERVICIOS PROFESIONALES EN EL ÁMBITO ADMINISTRATIVO Y FINANCIERO? LIDERANDO EL PROCESO DE CONSOLIDACIÓN? ACTUALIZACIÓN? COBRO Y SEGUIMIENTO DE LA CARTERA? CON EL OBJETIVO DE MAXIMIZAR LA GESTIÓN CONTABLE Y DE RECAUDO DEL HOSPITAL JUAN HERNANDO URREGO E.S.E.
121,2,2025-01-10 00:00:00,121,BRINDAR SERVICIOS DE APOYO A LA GESTIÓN EN LAS ÁREAS OPERATIVA Y ADMINISTRATIVA PARA EL PROCESO DE FACTURACIÓN EN LA ADMISIÓN DEL PACIENTE? ASÍ COMO EN AUTORIZACIONES? VALIDACIONES Y CUALQUIER OTRA INFORMACIÓN GENERAL QUE REQUIERAN LOS USUARIOS DE LOS SERVICIOS DE SALUD PRESTADOS POR EL HOSPITAL DE AGUAZUL JUAN HERNANDO URREGO E.S.E.
122,2,2025-01-10 00:00:00,122,BRINDAR SERVICIOS PROFESIONALES COMO ABOGADO EN EL ÁREA ADMINISTRATIVA Y FINANCIERA? ENFOCADOS EN LLEVAR A CABO ACCIONES EFECTIVAS PARA LA RECUPERACIÓN DE CARTERA A TRAVÉS DE TRÁMITES PREJURIDICOS  Y EXTRAJUDICIALES? CON EL OBJETIVO DE OPTIMIZAR EL RECAUDO DEL HOSPITAL JUAN HERNANDO URREGO E.S.E
123,2,2025-01-10 00:00:00,123,PRESTAR SERVICIOS COMO AUXILIAR DE ENFERMERIA PARA EL DESARROLLO DE ACTIVIDADES EN EL AREA DE URGENCIA INTERNACIÓN Y SALA DE PARTOS DEL HOSPITAL DE AGUAZUL JUAN HERNANDO URREGO E.S.E.
124,2,2025-01-10 00:00:00,124,PRESTAR SERVICIOS COMO AUXILIAR DE ENFERMERIA PARA LA RUTA   INTEGRAL DE ATENCION PARA LA PROMOCION Y MANTENIMIENTO DE LA SALUD Y LA RUTA DE ATENCION PARA LA POBLACION MATERNO PERINATAL DEL HOSPITAL DE AGUAZUL JUAN HERNANDO URREGO E.S.E.
125,2,2025-01-10 00:00:00,125,PRESTACIÓN DE SERVICIOS PROFESIONALES EN MEDICINA GENERAL PARA EL FORTALECIMIENTO DE LOS PROCESOS MISIONALES A CARGO DEL HOSPITAL DE AGUAZUL JUAN HERNANDO URREGO E.S.E.
126,2,2025-01-10 00:00:00,126,SOLICITUD APERTURA DE CAJA MENOR PARA LA VIGENCIA FISCAL 2025
127,2,2025-01-10 00:00:00,127,PRESTACION DE SERVICIOS ASISTENCIALES DE ENFERMERIA PARA EL PROCESO DE LA ATENCION DE USUARIOS EN EL AREA DE URGENCIA INTERNACIÓN Y SALA DE PARTOS DEL HOSPITAL DE AGUAZUL JUAN HERNANDO URREGO E.S.E.
128,2,2025-01-10 00:00:00,128,CONTRATAR LAS ACTIVIDADES DE APOYO PROFESIONAL PARA IMPULSAR EL DESARROLLO DE LA POLITICA DE GOBIERNO DIGITAL? POLITICA DE SEGURIDAD DIGITAL? POLÍTICA DE ACCESO A LA INFORMACIÓN PÚBLICA Y LUCHA CONTRA LA CORRUPCIÓN? ARTICULADA AL MODELO INTEGRADO DE PLANEACIÓN Y GESTIÓN (MIPG) DEL HOSPITAL DE AGUAZUL JUAN HERNANDO URREGO ESE
129,2,2025-01-11 00:00:00,129,PRESTAR SERVICIOS COMO AUXILIAR DE ENFERMERIA PARA EL DESARROLLO DE ACTIVIDADES EN EL AREA DE URGENCIA INTERNACIÓN Y SALA DE PARTOS DEL HOSPITAL DE AGUAZUL JUAN HERNANDO URREGO E.S.E.
130,2,2025-01-11 00:00:00,130,BRINDAR SERVICIOS PROFESIONALES COMO TRABAJADOR(A) SOCIAL PARA EL HOSPITAL DE AGUAZUL JUAN HERNANDO URREGO E.S.E. ACORDE A LOS SERVICIOS HABILITADOS.
131,2,2025-01-11 00:00:00,131,BRINDAR SERVICIOS DE APOYO A LA GESTIÓN EN LAS ÁREAS OPERATIVA Y ADMINISTRATIVA PARA EL PROCESO DE FACTURACIÓN EN LA ADMISIÓN DEL PACIENTE? ASÍ COMO EN AUTORIZACIONES? VALIDACIONES Y CUALQUIER OTRA INFORMACIÓN GENERAL QUE REQUIERAN LOS USUARIOS DE LOS SERVICIOS DE SALUD PRESTADOS POR EL HOSPITAL DE AGUAZUL JUAN HERNANDO URREGO E.S.E.
132,2,2025-01-11 00:00:00,132,BRINDAR SERVICIOS DE APOYO A LA GESTIÓN EN LAS ÁREAS OPERATIVA Y ADMINISTRATIVA PARA EL PROCESO DE FACTURACIÓN EN LA ADMISIÓN DEL PACIENTE? ASÍ COMO EN AUTORIZACIONES? VALIDACIONES Y CUALQUIER OTRA INFORMACIÓN GENERAL QUE REQUIERAN LOS USUARIOS DE LOS SERVICIOS DE SALUD PRESTADOS POR EL HOSPITAL DE AGUAZUL JUAN HERNANDO URREGO E.S.E.
133,2,2025-01-13 00:00:00,133,PAGO DE SERVICIO DE ACUEDUCTON Y ALCANTARILLADO DEL HOSPITAL DE AGUAZUL JUAN HERNANDO URREO E.S.E. CORRESPONDIENTE AL PERIODO DE FACTURACION ENERO DEL 2025
134,2,2025-01-13 00:00:00,134,PAGO SERVICIO DE INTERNET DEL HOSPITAL DE AGUAZUL JUAN HERNANDO URREGO E.S.E. FACTURA ELECTRONICA  ELECTRONICA N. FEY204974 CORRESPONDIENTE AL MES DE ENERO DEL 2025
135,2,2025-01-13 00:00:00,135,APOYAR LA GESTIÓN DEL PROCESO MISIONAL DEL HOSPITAL DE AGUAZUL JUAN HERNANDO URREGO E.S.E? MEDIANTE LA PRESTACIÓN DE SERVICIOS PROFESIONALES COMO TERAPEUTA FÍSICA DE ACUERDO CON LAS NECESIDADES DE LOS SERVICIOS HABILITADOS.
136,2,2025-01-13 00:00:00,136,FORTALECER LOS PROCESOS DE ODONTOLOGÍA A TRAVÉS DE LA PRESTACIÓN DE SERVICIOS PROFESIONALES EN EL ÁREA DE CONSULTA EXTERNA CONFORME EL OBJETO MISIONAL DEL HOSPITAL DE AGUAZUL JUAN HERNANDO URREGO E.S.E.
137,2,2025-01-13 00:00:00,137,FORTALECER LOS PROCESOS DE ODONTOLOGÍA A TRAVÉS DE LA PRESTACIÓN DE SERVICIOS PROFESIONALES EN EL ÁREA DE CONSULTA EXTERNA CONFORME EL OBJETO MISIONAL DEL HOSPITAL DE AGUAZUL JUAN HERNANDO URREGO E.S.E.
138,2,2025-01-13 00:00:00,138,BRINDAR SERVICIOS PROFESIONALES COMO TRABAJADOR(A) SOCIAL PARA EL HOSPITAL DE AGUAZUL JUAN HERNANDO URREGO E.S.E. ACORDE A LOS SERVICIOS HABILITADOS.
139,2,2025-01-13 00:00:00,139,PRESTAR EL SERVICIO DE MANTENIMIENTO PREVENTIVO Y CORRECTIVO Y SUMINISTRO DE REPUESTOS A TODO COSTO DE EQUIPOS BIOMEDICOS DEL HOSPITAL DE AGUAZUL JUAN HERNANDO URREGO
140,2,2025-01-14 00:00:00,140,pruebas para causacion 
141,2,2025-01-28 00:00:00,141,PRESTAR EL SERVICIO DE VIGILANCIA Y SEGURIDAD PRIVADA PARA EL HOSPITAL DE AGUAZUL JUAN HERNANDO URREGO E.S.E.